Workbook

Sheet Executive View
A1: iPawcus Project Timeline - Updated View
A2: As of September 21, 2026 | Consolidated from two located workbook sources
A3: TASKS FOUND | E3: HISTORY WINDOW | I3: LATEST PLANNED END | M3: SOURCE FILES
A4: =COUNTA('History'!A2:A16) | E4: =TEXT(MIN('History'!D2:D16),"mmm yyyy")&" - "&TEXT(MAX('History'!E2:E16),"mmm yyyy") | I4: =MAX('History'!E2:E16) | M4: =2
A9: Formula-driven monthly overview of the historical plan
A10: Task | D10: Phase | F10: Start | G10: End | H10: 46023 | I10: 46054 | J10: 46082 | K10: 46113 | L10: 46143 | M10: 46174 | N10: 46204 | O10: 46235 | P10: 46266
A11: ='History'!C2 | D11: ='History'!B2 | F11: ='History'!D2 | G11: ='History'!E2 | H11: =IF(AND(EOMONTH(H$10,0)>=$F11,H$10<=$G11),"■","") | I11: =IF(AND(EOMONTH(I$10,0)>=$F11,I$10<=$G11),"■","") | J11: =IF(AND(EOMONTH(J$10,0)>=$F11,J$10<=$G11),"■","") | K11: =IF(AND(EOMONTH(K$10,0)>=$F11,K$10<=$G11),"■","") | L11: =IF(AND(EOMONTH(L$10,0)>=$F11,L$10<=$G11),"■","") | M11: =IF(AND(EOMONTH(M$10,0)>=$F11,M$10<=$G11),"■","") | N11: =IF(AND(EOMONTH(N$10,0)>=$F11,N$10<=$G11),"■","") | O11: =IF(AND(EOMONTH(O$10,0)>=$F11,O$10<=$G11),"■","") | P11: =IF(AND(EOMONTH(P$10,0)>=$F11,P$10<=$G11),"■","")
A12: ='History'!C3 | D12: ='History'!B3 | F12: ='History'!D3 | G12: ='History'!E3 | H12: =IF(AND(EOMONTH(H$10,0)>=$F12,H$10<=$G12),"■","") | I12: =IF(AND(EOMONTH(I$10,0)>=$F12,I$10<=$G12),"■","") | J12: =IF(AND(EOMONTH(J$10,0)>=$F12,J$10<=$G12),"■","") | K12: =IF(AND(EOMONTH(K$10,0)>=$F12,K$10<=$G12),"■","") | L12: =IF(AND(EOMONTH(L$10,0)>=$F12,L$10<=$G12),"■","") | M12: =IF(AND(EOMONTH(M$10,0)>=$F12,M$10<=$G12),"■","") | N12: =IF(AND(EOMONTH(N$10,0)>=$F12,N$10<=$G12),"■","") | O12: =IF(AND(EOMONTH(O$10,0)>=$F12,O$10<=$G12),"■","") | P12: =IF(AND(EOMONTH(P$10,0)>=$F12,P$10<=$G12),"■","")
A13: ='History'!C4 | D13: ='History'!B4 | F13: ='History'!D4 | G13: ='History'!E4 | H13: =IF(AND(EOMONTH(H$10,0)>=$F13,H$10<=$G13),"■","") | I13: =IF(AND(EOMONTH(I$10,0)>=$F13,I$10<=$G13),"■","") | J13: =IF(AND(EOMONTH(J$10,0)>=$F13,J$10<=$G13),"■","") | K13: =IF(AND(EOMONTH(K$10,0)>=$F13,K$10<=$G13),"■","") | L13: =IF(AND(EOMONTH(L$10,0)>=$F13,L$10<=$G13),"■","") | M13: =IF(AND(EOMONTH(M$10,0)>=$F13,M$10<=$G13),"■","") | N13: =IF(AND(EOMONTH(N$10,0)>=$F13,N$10<=$G13),"■","") | O13: =IF(AND(EOMONTH(O$10,0)>=$F13,O$10<=$G13),"■","") | P13: =IF(AND(EOMONTH(P$10,0)>=$F13,P$10<=$G13),"■","")
A14: ='History'!C5 | D14: ='History'!B5 | F14: ='History'!D5 | G14: ='History'!E5 | H14: =IF(AND(EOMONTH(H$10,0)>=$F14,H$10<=$G14),"■","") | I14: =IF(AND(EOMONTH(I$10,0)>=$F14,I$10<=$G14),"■","") | J14: =IF(AND(EOMONTH(J$10,0)>=$F14,J$10<=$G14),"■","") | K14: =IF(AND(EOMONTH(K$10,0)>=$F14,K$10<=$G14),"■","") | L14: =IF(AND(EOMONTH(L$10,0)>=$F14,L$10<=$G14),"■","") | M14: =IF(AND(EOMONTH(M$10,0)>=$F14,M$10<=$G14),"■","") | N14: =IF(AND(EOMONTH(N$10,0)>=$F14,N$10<=$G14),"■","") | O14: =IF(AND(EOMONTH(O$10,0)>=$F14,O$10<=$G14),"■","") | P14: =IF(AND(EOMONTH(P$10,0)>=$F14,P$10<=$G14),"■","")
A15: ='History'!C6 | D15: ='History'!B6 | F15: ='History'!D6 | G15: ='History'!E6 | H15: =IF(AND(EOMONTH(H$10,0)>=$F15,H$10<=$G15),"■","") | I15: =IF(AND(EOMONTH(I$10,0)>=$F15,I$10<=$G15),"■","") | J15: =IF(AND(EOMONTH(J$10,0)>=$F15,J$10<=$G15),"■","") | K15: =IF(AND(EOMONTH(K$10,0)>=$F15,K$10<=$G15),"■","") | L15: =IF(AND(EOMONTH(L$10,0)>=$F15,L$10<=$G15),"■","") | M15: =IF(AND(EOMONTH(M$10,0)>=$F15,M$10<=$G15),"■","") | N15: =IF(AND(EOMONTH(N$10,0)>=$F15,N$10<=$G15),"■","") | O15: =IF(AND(EOMONTH(O$10,0)>=$F15,O$10<=$G15),"■","") | P15: =IF(AND(EOMONTH(P$10,0)>=$F15,P$10<=$G15),"■","")
A16: ='History'!C7 | D16: ='History'!B7 | F16: ='History'!D7 | G16: ='History'!E7 | H16: =IF(AND(EOMONTH(H$10,0)>=$F16,H$10<=$G16),"■","") | I16: =IF(AND(EOMONTH(I$10,0)>=$F16,I$10<=$G16),"■","") | J16: =IF(AND(EOMONTH(J$10,0)>=$F16,J$10<=$G16),"■","") | K16: =IF(AND(EOMONTH(K$10,0)>=$F16,K$10<=$G16),"■","") | L16: =IF(AND(EOMONTH(L$10,0)>=$F16,L$10<=$G16),"■","") | M16: =IF(AND(EOMONTH(M$10,0)>=$F16,M$10<=$G16),"■","") | N16: =IF(AND(EOMONTH(N$10,0)>=$F16,N$10<=$G16),"■","") | O16: =IF(AND(EOMONTH(O$10,0)>=$F16,O$10<=$G16),"■","") | P16: =IF(AND(EOMONTH(P$10,0)>=$F16,P$10<=$G16),"■","")
A17: ='History'!C8 | D17: ='History'!B8 | F17: ='History'!D8 | G17: ='History'!E8 | H17: =IF(AND(EOMONTH(H$10,0)>=$F17,H$10<=$G17),"■","") | I17: =IF(AND(EOMONTH(I$10,0)>=$F17,I$10<=$G17),"■","") | J17: =IF(AND(EOMONTH(J$10,0)>=$F17,J$10<=$G17),"■","") | K17: =IF(AND(EOMONTH(K$10,0)>=$F17,K$10<=$G17),"■","") | L17: =IF(AND(EOMONTH(L$10,0)>=$F17,L$10<=$G17),"■","") | M17: =IF(AND(EOMONTH(M$10,0)>=$F17,M$10<=$G17),"■","") | N17: =IF(AND(EOMONTH(N$10,0)>=$F17,N$10<=$G17),"■","") | O17: =IF(AND(EOMONTH(O$10,0)>=$F17,O$10<=$G17),"■","") | P17: =IF(AND(EOMONTH(P$10,0)>=$F17,P$10<=$G17),"■","")
A18: ='History'!C9 | D18: ='History'!B9 | F18: ='History'!D9 | G18: ='History'!E9 | H18: =IF(AND(EOMONTH(H$10,0)>=$F18,H$10<=$G18),"■","") | I18: =IF(AND(EOMONTH(I$10,0)>=$F18,I$10<=$G18),"■","") | J18: =IF(AND(EOMONTH(J$10,0)>=$F18,J$10<=$G18),"■","") | K18: =IF(AND(EOMONTH(K$10,0)>=$F18,K$10<=$G18),"■","") | L18: =IF(AND(EOMONTH(L$10,0)>=$F18,L$10<=$G18),"■","") | M18: =IF(AND(EOMONTH(M$10,0)>=$F18,M$10<=$G18),"■","") | N18: =IF(AND(EOMONTH(N$10,0)>=$F18,N$10<=$G18),"■","") | O18: =IF(AND(EOMONTH(O$10,0)>=$F18,O$10<=$G18),"■","") | P18: =IF(AND(EOMONTH(P$10,0)>=$F18,P$10<=$G18),"■","")
A19: ='History'!C10 | D19: ='History'!B10 | F19: ='History'!D10 | G19: ='History'!E10 | H19: =IF(AND(EOMONTH(H$10,0)>=$F19,H$10<=$G19),"■","") | I19: =IF(AND(EOMONTH(I$10,0)>=$F19,I$10<=$G19),"■","") | J19: =IF(AND(EOMONTH(J$10,0)>=$F19,J$10<=$G19),"■","") | K19: =IF(AND(EOMONTH(K$10,0)>=$F19,K$10<=$G19),"■","") | L19: =IF(AND(EOMONTH(L$10,0)>=$F19,L$10<=$G19),"■","") | M19: =IF(AND(EOMONTH(M$10,0)>=$F19,M$10<=$G19),"■","") | N19: =IF(AND(EOMONTH(N$10,0)>=$F19,N$10<=$G19),"■","") | O19: =IF(AND(EOMONTH(O$10,0)>=$F19,O$10<=$G19),"■","") | P19: =IF(AND(EOMONTH(P$10,0)>=$F19,P$10<=$G19),"■","")
A20: ='History'!C11 | D20: ='History'!B11 | F20: ='History'!D11 | G20: ='History'!E11 | H20: =IF(AND(EOMONTH(H$10,0)>=$F20,H$10<=$G20),"■","") | I20: =IF(AND(EOMONTH(I$10,0)>=$F20,I$10<=$G20),"■","") | J20: =IF(AND(EOMONTH(J$10,0)>=$F20,J$10<=$G20),"■","") | K20: =IF(AND(EOMONTH(K$10,0)>=$F20,K$10<=$G20),"■","") | L20: =IF(AND(EOMONTH(L$10,0)>=$F20,L$10<=$G20),"■","") | M20: =IF(AND(EOMONTH(M$10,0)>=$F20,M$10<=$G20),"■","") | N20: =IF(AND(EOMONTH(N$10,0)>=$F20,N$10<=$G20),"■","") | O20: =IF(AND(EOMONTH(O$10,0)>=$F20,O$10<=$G20),"■","") | P20: =IF(AND(EOMONTH(P$10,0)>=$F20,P$10<=$G20),"■","")
A21: ='History'!C12 | D21: ='History'!B12 | F21: ='History'!D12 | G21: ='History'!E12 | H21: =IF(AND(EOMONTH(H$10,0)>=$F21,H$10<=$G21),"■","") | I21: =IF(AND(EOMONTH(I$10,0)>=$F21,I$10<=$G21),"■","") | J21: =IF(AND(EOMONTH(J$10,0)>=$F21,J$10<=$G21),"■","") | K21: =IF(AND(EOMONTH(K$10,0)>=$F21,K$10<=$G21),"■","") | L21: =IF(AND(EOMONTH(L$10,0)>=$F21,L$10<=$G21),"■","") | M21: =IF(AND(EOMONTH(M$10,0)>=$F21,M$10<=$G21),"■","") | N21: =IF(AND(EOMONTH(N$10,0)>=$F21,N$10<=$G21),"■","") | O21: =IF(AND(EOMONTH(O$10,0)>=$F21,O$10<=$G21),"■","") | P21: =IF(AND(EOMONTH(P$10,0)>=$F21,P$10<=$G21),"■","")
A22: ='History'!C13 | D22: ='History'!B13 | F22: ='History'!D13 | G22: ='History'!E13 | H22: =IF(AND(EOMONTH(H$10,0)>=$F22,H$10<=$G22),"■","") | I22: =IF(AND(EOMONTH(I$10,0)>=$F22,I$10<=$G22),"■","") | J22: =IF(AND(EOMONTH(J$10,0)>=$F22,J$10<=$G22),"■","") | K22: =IF(AND(EOMONTH(K$10,0)>=$F22,K$10<=$G22),"■","") | L22: =IF(AND(EOMONTH(L$10,0)>=$F22,L$10<=$G22),"■","") | M22: =IF(AND(EOMONTH(M$10,0)>=$F22,M$10<=$G22),"■","") | N22: =IF(AND(EOMONTH(N$10,0)>=$F22,N$10<=$G22),"■","") | O22: =IF(AND(EOMONTH(O$10,0)>=$F22,O$10<=$G22),"■","") | P22: =IF(AND(EOMONTH(P$10,0)>=$F22,P$10<=$G22),"■","")
... A25: ='History'!C16 | D25: ='History'!B16 | F25: ='History'!D16 | G25: ='History'!E16 | H25: =IF(AND(EOMONTH(H$10,0)>=$F25,H$10<=$G25),"■","") | I25: =IF(AND(EOMONTH(I$10,0)>=$F25,I$10<=$G25),"■","") | J25: =IF(AND(EOMONTH(J$10,0)>=$F25,J$10<=$G25),"■","") | K25: =IF(AND(EOMONTH(K$10,0)>=$F25,K$10<=$G25),"■","") | L25: =IF(AND(EOMONTH(L$10,0)>=$F25,L$10<=$G25),"■","") | M25: =IF(AND(EOMONTH(M$10,0)>=$F25,M$10<=$G25),"■","") | N25: =IF(AND(EOMONTH(N$10,0)>=$F25,N$10<=$G25),"■","") | O25: =IF(AND(EOMONTH(O$10,0)>=$F25,O$10<=$G25),"■","") | P25: =IF(AND(EOMONTH(P$10,0)>=$F25,P$10<=$G25),"■","")
A27: Color key
A28: Requirements | C28: Design Phase | E28: System Dev 1 | G28: System Dev 2 | I28: System Dev 3 | K28: System Dev 4 | M28: Testing
A30: Important: the source workbooks contain planned task timing but no verified completion dates or progress percentages. 'Plan elapsed' means the planned end date is before the as-of date; it does not mean the task was completed.

Sheet Updated Gantt
A1: iPawcus - Consolidated Gantt History
A2: Compiled from all located Gantt workbooks | Updated through September 21, 2026 | Bars show planned timing, not verified completion
A3: As of | B3: 46286 | C3: History start | D3: =MIN('History'!D2:D16) | E3: Latest planned end | F3: =MAX('History'!E2:E16) | G3: Tasks | H3: =COUNTA('History'!A2:A16) | I3: Sources | J3: 2
J4: 46027 | N4: 46055 | R4: 46083 | W4: 46118 | AA4: 46146 | AE4: 46174 | AJ4: 46209 | AN4: 46237 | AS4: 46272
A5: ID | B5: Phase | C5: Task | D5: Planned Start | E5: Planned End | F5: Source Period | G5: Schedule State | H5: Reported Status | I5: Notes | J5: 46027 | K5: 46034 | L5: 46041 | M5: 46048 | N5: 46055 | O5: 46062 | P5: 46069 | Q5: 46076 | R5: 46083 | S5: 46090 | T5: 46097 | U5: 46104 | V5: 46111 | W5: 46118 | X5: 46125 | Y5: 46132 | Z5: 46139 | AA5: 46146 | AB5: 46153 | AC5: 46160 | AD5: 46167 | AE5: 46174 | AF5: 46181 | AG5: 46188 | AH5: 46195 | AI5: 46202 | AJ5: 46209 | AK5: 46216 | AL5: 46223 | AM5: 46230 | AN5: 46237 | AO5: 46244 | AP5: 46251 | AQ5: 46258 | AR5: 46265 | AS5: 46272 | AT5: 46279 | AU5: 46286 | AV5: 46293
A6: ='History'!A2 | B6: ='History'!B2 | C6: ='History'!C2 | D6: ='History'!D2 | E6: ='History'!E2 | F6: ='History'!G2 | G6: =IF($E6<$B$3,"Plan elapsed",IF($D6<=$B$3,"In plan window","Future")) | H6: ='History'!M2 | I6: ='History'!N2 | J6: =IF(AND(J$5<=$E6,J$5+6>=$D6),"■","") | K6: =IF(AND(K$5<=$E6,K$5+6>=$D6),"■","") | L6: =IF(AND(L$5<=$E6,L$5+6>=$D6),"■","") | M6: =IF(AND(M$5<=$E6,M$5+6>=$D6),"■","") | N6: =IF(AND(N$5<=$E6,N$5+6>=$D6),"■","") | O6: =IF(AND(O$5<=$E6,O$5+6>=$D6),"■","") | P6: =IF(AND(P$5<=$E6,P$5+6>=$D6),"■","") | Q6: =IF(AND(Q$5<=$E6,Q$5+6>=$D6),"■","") | ... AV6: =IF(AND(AV$5<=$E6,AV$5+6>=$D6),"■","")
A7: ='History'!A3 | B7: ='History'!B3 | C7: ='History'!C3 | D7: ='History'!D3 | E7: ='History'!E3 | F7: ='History'!G3 | G7: =IF($E7<$B$3,"Plan elapsed",IF($D7<=$B$3,"In plan window","Future")) | H7: ='History'!M3 | I7: ='History'!N3 | J7: =IF(AND(J$5<=$E7,J$5+6>=$D7),"■","") | K7: =IF(AND(K$5<=$E7,K$5+6>=$D7),"■","") | L7: =IF(AND(L$5<=$E7,L$5+6>=$D7),"■","") | M7: =IF(AND(M$5<=$E7,M$5+6>=$D7),"■","") | N7: =IF(AND(N$5<=$E7,N$5+6>=$D7),"■","") | O7: =IF(AND(O$5<=$E7,O$5+6>=$D7),"■","") | P7: =IF(AND(P$5<=$E7,P$5+6>=$D7),"■","") | Q7: =IF(AND(Q$5<=$E7,Q$5+6>=$D7),"■","") | ... AV7: =IF(AND(AV$5<=$E7,AV$5+6>=$D7),"■","")
A8: ='History'!A4 | B8: ='History'!B4 | C8: ='History'!C4 | D8: ='History'!D4 | E8: ='History'!E4 | F8: ='History'!G4 | G8: =IF($E8<$B$3,"Plan elapsed",IF($D8<=$B$3,"In plan window","Future")) | H8: ='History'!M4 | I8: ='History'!N4 | J8: =IF(AND(J$5<=$E8,J$5+6>=$D8),"■","") | K8: =IF(AND(K$5<=$E8,K$5+6>=$D8),"■","") | L8: =IF(AND(L$5<=$E8,L$5+6>=$D8),"■","") | M8: =IF(AND(M$5<=$E8,M$5+6>=$D8),"■","") | N8: =IF(AND(N$5<=$E8,N$5+6>=$D8),"■","") | O8: =IF(AND(O$5<=$E8,O$5+6>=$D8),"■","") | P8: =IF(AND(P$5<=$E8,P$5+6>=$D8),"■","") | Q8: =IF(AND(Q$5<=$E8,Q$5+6>=$D8),"■","") | ... AV8: =IF(AND(AV$5<=$E8,AV$5+6>=$D8),"■","")
A9: ='History'!A5 | B9: ='History'!B5 | C9: ='History'!C5 | D9: ='History'!D5 | E9: ='History'!E5 | F9: ='History'!G5 | G9: =IF($E9<$B$3,"Plan elapsed",IF($D9<=$B$3,"In plan window","Future")) | H9: ='History'!M5 | I9: ='History'!N5 | J9: =IF(AND(J$5<=$E9,J$5+6>=$D9),"■","") | K9: =IF(AND(K$5<=$E9,K$5+6>=$D9),"■","") | L9: =IF(AND(L$5<=$E9,L$5+6>=$D9),"■","") | M9: =IF(AND(M$5<=$E9,M$5+6>=$D9),"■","") | N9: =IF(AND(N$5<=$E9,N$5+6>=$D9),"■","") | O9: =IF(AND(O$5<=$E9,O$5+6>=$D9),"■","") | P9: =IF(AND(P$5<=$E9,P$5+6>=$D9),"■","") | Q9: =IF(AND(Q$5<=$E9,Q$5+6>=$D9),"■","") | ... AV9: =IF(AND(AV$5<=$E9,AV$5+6>=$D9),"■","")
A10: ='History'!A6 | B10: ='History'!B6 | C10: ='History'!C6 | D10: ='History'!D6 | E10: ='History'!E6 | F10: ='History'!G6 | G10: =IF($E10<$B$3,"Plan elapsed",IF($D10<=$B$3,"In plan window","Future")) | H10: ='History'!M6 | I10: ='History'!N6 | J10: =IF(AND(J$5<=$E10,J$5+6>=$D10),"■","") | K10: =IF(AND(K$5<=$E10,K$5+6>=$D10),"■","") | L10: =IF(AND(L$5<=$E10,L$5+6>=$D10),"■","") | M10: =IF(AND(M$5<=$E10,M$5+6>=$D10),"■","") | N10: =IF(AND(N$5<=$E10,N$5+6>=$D10),"■","") | O10: =IF(AND(O$5<=$E10,O$5+6>=$D10),"■","") | P10: =IF(AND(P$5<=$E10,P$5+6>=$D10),"■","") | Q10: =IF(AND(Q$5<=$E10,Q$5+6>=$D10),"■","") | ... AV10: =IF(AND(AV$5<=$E10,AV$5+6>=$D10),"■","")
A11: ='History'!A7 | B11: ='History'!B7 | C11: ='History'!C7 | D11: ='History'!D7 | E11: ='History'!E7 | F11: ='History'!G7 | G11: =IF($E11<$B$3,"Plan elapsed",IF($D11<=$B$3,"In plan window","Future")) | H11: ='History'!M7 | I11: ='History'!N7 | J11: =IF(AND(J$5<=$E11,J$5+6>=$D11),"■","") | K11: =IF(AND(K$5<=$E11,K$5+6>=$D11),"■","") | L11: =IF(AND(L$5<=$E11,L$5+6>=$D11),"■","") | M11: =IF(AND(M$5<=$E11,M$5+6>=$D11),"■","") | N11: =IF(AND(N$5<=$E11,N$5+6>=$D11),"■","") | O11: =IF(AND(O$5<=$E11,O$5+6>=$D11),"■","") | P11: =IF(AND(P$5<=$E11,P$5+6>=$D11),"■","") | Q11: =IF(AND(Q$5<=$E11,Q$5+6>=$D11),"■","") | ... AV11: =IF(AND(AV$5<=$E11,AV$5+6>=$D11),"■","")
A12: ='History'!A8 | B12: ='History'!B8 | C12: ='History'!C8 | D12: ='History'!D8 | E12: ='History'!E8 | F12: ='History'!G8 | G12: =IF($E12<$B$3,"Plan elapsed",IF($D12<=$B$3,"In plan window","Future")) | H12: ='History'!M8 | I12: ='History'!N8 | J12: =IF(AND(J$5<=$E12,J$5+6>=$D12),"■","") | K12: =IF(AND(K$5<=$E12,K$5+6>=$D12),"■","") | L12: =IF(AND(L$5<=$E12,L$5+6>=$D12),"■","") | M12: =IF(AND(M$5<=$E12,M$5+6>=$D12),"■","") | N12: =IF(AND(N$5<=$E12,N$5+6>=$D12),"■","") | O12: =IF(AND(O$5<=$E12,O$5+6>=$D12),"■","") | P12: =IF(AND(P$5<=$E12,P$5+6>=$D12),"■","") | Q12: =IF(AND(Q$5<=$E12,Q$5+6>=$D12),"■","") | ... AV12: =IF(AND(AV$5<=$E12,AV$5+6>=$D12),"■","")
A13: ='History'!A9 | B13: ='History'!B9 | C13: ='History'!C9 | D13: ='History'!D9 | E13: ='History'!E9 | F13: ='History'!G9 | G13: =IF($E13<$B$3,"Plan elapsed",IF($D13<=$B$3,"In plan window","Future")) | H13: ='History'!M9 | I13: ='History'!N9 | J13: =IF(AND(J$5<=$E13,J$5+6>=$D13),"■","") | K13: =IF(AND(K$5<=$E13,K$5+6>=$D13),"■","") | L13: =IF(AND(L$5<=$E13,L$5+6>=$D13),"■","") | M13: =IF(AND(M$5<=$E13,M$5+6>=$D13),"■","") | N13: =IF(AND(N$5<=$E13,N$5+6>=$D13),"■","") | O13: =IF(AND(O$5<=$E13,O$5+6>=$D13),"■","") | P13: =IF(AND(P$5<=$E13,P$5+6>=$D13),"■","") | Q13: =IF(AND(Q$5<=$E13,Q$5+6>=$D13),"■","") | ... AV13: =IF(AND(AV$5<=$E13,AV$5+6>=$D13),"■","")
A14: ='History'!A10 | B14: ='History'!B10 | C14: ='History'!C10 | D14: ='History'!D10 | E14: ='History'!E10 | F14: ='History'!G10 | G14: =IF($E14<$B$3,"Plan elapsed",IF($D14<=$B$3,"In plan window","Future")) | H14: ='History'!M10 | I14: ='History'!N10 | J14: =IF(AND(J$5<=$E14,J$5+6>=$D14),"■","") | K14: =IF(AND(K$5<=$E14,K$5+6>=$D14),"■","") | L14: =IF(AND(L$5<=$E14,L$5+6>=$D14),"■","") | M14: =IF(AND(M$5<=$E14,M$5+6>=$D14),"■","") | N14: =IF(AND(N$5<=$E14,N$5+6>=$D14),"■","") | O14: =IF(AND(O$5<=$E14,O$5+6>=$D14),"■","") | P14: =IF(AND(P$5<=$E14,P$5+6>=$D14),"■","") | Q14: =IF(AND(Q$5<=$E14,Q$5+6>=$D14),"■","") | ... AV14: =IF(AND(AV$5<=$E14,AV$5+6>=$D14),"■","")
A15: ='History'!A11 | B15: ='History'!B11 | C15: ='History'!C11 | D15: ='History'!D11 | E15: ='History'!E11 | F15: ='History'!G11 | G15: =IF($E15<$B$3,"Plan elapsed",IF($D15<=$B$3,"In plan window","Future")) | H15: ='History'!M11 | I15: ='History'!N11 | J15: =IF(AND(J$5<=$E15,J$5+6>=$D15),"■","") | K15: =IF(AND(K$5<=$E15,K$5+6>=$D15),"■","") | L15: =IF(AND(L$5<=$E15,L$5+6>=$D15),"■","") | M15: =IF(AND(M$5<=$E15,M$5+6>=$D15),"■","") | N15: =IF(AND(N$5<=$E15,N$5+6>=$D15),"■","") | O15: =IF(AND(O$5<=$E15,O$5+6>=$D15),"■","") | P15: =IF(AND(P$5<=$E15,P$5+6>=$D15),"■","") | Q15: =IF(AND(Q$5<=$E15,Q$5+6>=$D15),"■","") | ... AV15: =IF(AND(AV$5<=$E15,AV$5+6>=$D15),"■","")
A16: ='History'!A12 | B16: ='History'!B12 | C16: ='History'!C12 | D16: ='History'!D12 | E16: ='History'!E12 | F16: ='History'!G12 | G16: =IF($E16<$B$3,"Plan elapsed",IF($D16<=$B$3,"In plan window","Future")) | H16: ='History'!M12 | I16: ='History'!N12 | J16: =IF(AND(J$5<=$E16,J$5+6>=$D16),"■","") | K16: =IF(AND(K$5<=$E16,K$5+6>=$D16),"■","") | L16: =IF(AND(L$5<=$E16,L$5+6>=$D16),"■","") | M16: =IF(AND(M$5<=$E16,M$5+6>=$D16),"■","") | N16: =IF(AND(N$5<=$E16,N$5+6>=$D16),"■","") | O16: =IF(AND(O$5<=$E16,O$5+6>=$D16),"■","") | P16: =IF(AND(P$5<=$E16,P$5+6>=$D16),"■","") | Q16: =IF(AND(Q$5<=$E16,Q$5+6>=$D16),"■","") | ... AV16: =IF(AND(AV$5<=$E16,AV$5+6>=$D16),"■","")
A17: ='History'!A13 | B17: ='History'!B13 | C17: ='History'!C13 | D17: ='History'!D13 | E17: ='History'!E13 | F17: ='History'!G13 | G17: =IF($E17<$B$3,"Plan elapsed",IF($D17<=$B$3,"In plan window","Future")) | H17: ='History'!M13 | I17: ='History'!N13 | J17: =IF(AND(J$5<=$E17,J$5+6>=$D17),"■","") | K17: =IF(AND(K$5<=$E17,K$5+6>=$D17),"■","") | L17: =IF(AND(L$5<=$E17,L$5+6>=$D17),"■","") | M17: =IF(AND(M$5<=$E17,M$5+6>=$D17),"■","") | N17: =IF(AND(N$5<=$E17,N$5+6>=$D17),"■","") | O17: =IF(AND(O$5<=$E17,O$5+6>=$D17),"■","") | P17: =IF(AND(P$5<=$E17,P$5+6>=$D17),"■","") | Q17: =IF(AND(Q$5<=$E17,Q$5+6>=$D17),"■","") | ... AV17: =IF(AND(AV$5<=$E17,AV$5+6>=$D17),"■","")
... A20: ='History'!A16 | B20: ='History'!B16 | C20: ='History'!C16 | D20: ='History'!D16 | E20: ='History'!E16 | F20: ='History'!G16 | G20: =IF($E20<$B$3,"Plan elapsed",IF($D20<=$B$3,"In plan window","Future")) | H20: ='History'!M16 | I20: ='History'!N16 | J20: =IF(AND(J$5<=$E20,J$5+6>=$D20),"■","") | K20: =IF(AND(K$5<=$E20,K$5+6>=$D20),"■","") | L20: =IF(AND(L$5<=$E20,L$5+6>=$D20),"■","") | M20: =IF(AND(M$5<=$E20,M$5+6>=$D20),"■","") | N20: =IF(AND(N$5<=$E20,N$5+6>=$D20),"■","") | O20: =IF(AND(O$5<=$E20,O$5+6>=$D20),"■","") | P20: =IF(AND(P$5<=$E20,P$5+6>=$D20),"■","") | Q20: =IF(AND(Q$5<=$E20,Q$5+6>=$D20),"■","") | ... AV20: =IF(AND(AV$5<=$E20,AV$5+6>=$D20),"■","")

Sheet History
A1: ID | B1: Phase | C1: Task | D1: Planned Start | E1: Planned End | F1: Duration (days) | G1: Original Period Label | H1: Source Workbook | I1: Source Sheet | J1: Source Cell/Span | K1: Date Basis | L1: Increment | M1: Reported Status | N1: Notes
A2: 1 | B2: Requirements | C2: Interview with Vetfocus Clinic & identify system modules | D2: 46023 | E2: 46112 | F2: =E2-D2+1 | G2: January-March 2026 | H2: saving one gantt.xlsx | I2: Sheet1 | J2: F11:G12 | K2: Month range stated in source header | L2: Preparation | M2: Not documented | N2: Spelling normalized from the source workbook.
A3: 2 | B3: Requirements | C3: Identify system modules | D3: 46113 | E3: 46122 | F3: =E3-D3+1 | G3: April 1-10, 2026 | H3: saving one gantt.xlsx | I3: Sheet1 | J3: I11:R12 | K3: Exact dates stated in source | L3: Increment 1 | M3: Not documented
A4: 3 | B4: Requirements | C4: Identify system modules - follow-up | D4: 46160 | E4: 46165 | F4: =E4-D4+1 | G4: May 2026 | H4: saving one gantt.xlsx | I4: Sheet1 | J4: AN11:AQ12 | K4: Approximate dates inferred from bar position | L4: Increment 2 | M4: Not documented | N4: Use the original source if exact May dates become available.
A5: 4 | B5: Design Phase | C5: Design user access | D5: 46128 | E5: 46135 | F5: =E5-D5+1 | G5: April 2026 | H5: saving one gantt.xlsx | I5: Sheet1 | J5: S13:W14 | K5: Approximate dates inferred from bar position | L5: Increment 1 | M5: Not documented
A6: 5 | B6: Design Phase | C6: Design role management | D6: 46162 | E6: 46169 | F6: =E6-D6+1 | G6: May 2026 | H6: saving one gantt.xlsx | I6: Sheet1 | J6: AP13:AT14 | K6: Approximate dates inferred from bar position | L6: Increment 2 | M6: Not documented
A7: 6 | B7: System Dev 1 | C7: Landing page development | D7: 46136 | E7: 46142 | F7: =E7-D7+1 | G7: April 2026 | H7: saving one gantt.xlsx | I7: Sheet1 | J7: X16:AB17 | K7: Approximate dates inferred from bar position | L7: Increment 1 | M7: Not documented
A8: 7 | B8: System Dev 1 | C8: User profiles | D8: 46167 | E8: 46173 | F8: =E8-D8+1 | G8: May 2026 | H8: saving one gantt.xlsx | I8: Sheet1 | J8: AS16:AW17 | K8: Approximate dates inferred from bar position | L8: Increment 2 | M8: Not documented
A9: 8 | B9: System Dev 2 | C9: Register and login page | D9: 46140 | E9: 46145 | F9: =E9-D9+1 | G9: April-May 2026 | H9: saving one gantt.xlsx | I9: Sheet1 | J9: AA18:AD19 | K9: Approximate dates inferred from bar position | L9: Increment 1 | M9: Not documented
A10: 9 | B10: System Dev 2 | C10: Accounts management module | D10: 46171 | E10: 46181 | F10: =E10-D10+1 | G10: May-June 2026 | H10: saving one gantt.xlsx | I10: Sheet1 | J10: AV18:BB19 | K10: Approximate dates inferred from bar position | L10: Increment 2 | M10: Not documented
A11: 10 | B11: System Dev 3 | C11: User registration | D11: 46144 | E11: 46151 | F11: =E11-D11+1 | G11: May 2026 | H11: saving one gantt.xlsx | I11: Sheet1 | J11: AD20:AH21 | K11: Approximate dates inferred from bar position | L11: Increment 1 | M11: Not documented | N11: The adjacent 2031 placeholder date was ignored because the task bar is under May 2026.
A12: 11 | B12: System Dev 3 | C12: Role-based logic control | D12: 46177 | E12: 46187 | F12: =E12-D12+1 | G12: May-June 2026 | H12: saving one gantt.xlsx | I12: Sheet1 | J12: AZ20:BF21 | K12: Approximate dates inferred from bar position | L12: Increment 2 | M12: Not documented | N12: The adjacent 2031 placeholder date was ignored.
A13: 12 | B13: System Dev 4 | C13: Admin and veterinarian account creation page | D13: 46149 | E13: 46157 | F13: =E13-D13+1 | G13: May 2026 | H13: saving one gantt.xlsx | I13: Sheet1 | J13: AG22:AL23 | K13: Approximate dates inferred from bar position | L13: Increment 1 | M13: Not documented | N13: The adjacent 2032 placeholder date was ignored.
A14: 13 | B14: System Dev 4 | C14: Clinic account monitoring module | D14: 46182 | E14: 46187 | F14: =E14-D14+1 | G14: June 2026 | H14: saving one gantt.xlsx | I14: Sheet1 | J14: BC22:BF23 | K14: Approximate dates inferred from bar position | L14: Increment 2 | M14: Not documented | N14: The adjacent 2032 placeholder date was ignored.
A15: 14 | B15: Testing | C15: Testing - round 1 | D15: 46152 | E15: 46154 | F15: =E15-D15+1 | G15: May 2026 | H15: saving one gantt.xlsx | I15: Sheet1 | J15: AI24:AJ25 | K15: Approximate dates inferred from bar position | L15: Increment 1 | M15: Not documented | N15: The adjacent 2033 placeholder date was ignored.
A16: 15 | B16: Testing | C16: Testing - round 2 | D16: 46182 | E16: 46184 | F16: =E16-D16+1 | G16: June 2026 | H16: saving one gantt.xlsx | I16: Sheet1 | J16: BC24:BD25 | K16: Approximate dates inferred from bar position | L16: Increment 2 | M16: Not documented | N16: The adjacent 2033 placeholder date was ignored.

Sheet Sources
A1: Source Workbook Reconciliation
A3: Source | B3: Original Path | C3: Last Modified | D3: Role | E3: Content Used | F3: Notes
A4: saving one gantt.xlsx | B4: D:\CAPSTONE _101\saving one gantt.xlsx | C4: 46105.908 | D4: Historical task source | E4: 15 planned task bars across requirements, design, development, and testing | F4: Task text and merged-bar placement were consolidated. Obvious 2031-2033 placeholder labels were not treated as real dates.
A5: gantt-chart-template.xlsx | B5: D:\CAPSTONE _101\gantt-chart-template.xlsx | C5: 46286.535 | D5: Layout/reference template | E5: Formula-driven weekly Gantt pattern and example structure | F5: The example tasks dated 2024 were excluded because they are generic template content.
A7: Date reconstruction rules
A8: 1. Exact dates were retained where the source explicitly stated them.
A9: 2. Month-only task bars were converted to approximate dates based on their position within the source month band.
A10: 3. The original period label and source cell span are retained in History so every approximation is auditable.
A11: 4. No completion status was inferred. Reported Status defaults to 'Not documented'.
A12: 5. The red-tinted week in Updated Gantt marks the week containing September 21, 2026.
