Workbook

Sheet Gantt Chart
A1: Task | B1: Start | C1: End | D1: =Help!$B$1 -> 45292 | E1: =D1+Help!$B$2 -> 45299 | F1: =E1+Help!$B$2 -> 45306 | G1: =F1+Help!$B$2 -> 45313 | H1: =G1+Help!$B$2 -> 45320 | I1: =H1+Help!$B$2 -> 45327 | J1: =I1+Help!$B$2 -> 45334 | K1: =J1+Help!$B$2 -> 45341 | L1: =K1+Help!$B$2 -> 45348 | ... BD1: =BC1+Help!$B$2 -> 45656
A2: Example Section 1
A3: Example Task 1 | B3: 45299 | C3: 45312
A4: Example Task 2 | B4: 45313 | C4: 45347
A5: Example Task 3 | B5: 45348 | C5: 45382
A6: Example Section 2
A7: Example Task 4 | B7: 45383 | C7: 45410
A8: Example Task 5 | B8: 45411 | C8: 45424
A9: Example Task 6 | B9: 45425 | C9: 45473

Sheet Help
A1: Project Start Date | B1: 45292
A2: Days Per Column | B2: 7
A4: Instructions
A5: 1. Update "Project Start Date" and "Days Per Column" above.
A6: 2. Update the gantt chart rows with task names, start dates, and end dates.
A7: 3. The template will automatically fill the gantt chart bars.
A9: Provided By
A10: onlinegantt.com - Free Online Gantt Chart Software
